c0-e1-row,P1_TM1,P2_TM1,P3_TM1,P4_TM1,P5_TM1,P6_TM1,P7_TM1,P8_TM1,P9_TM1,P10_TM1,P11_TM1,P12_TM1
6,111,112,113,114,115,116,117,118,119,120,121,122
7,222,223,224,225,226,227,228,229,230,231,232,233
8,333,333,333,333,333,333,333,333,333,333,333,333
9,444,444,444,444,444,444,444,444,444,444,444,444
10,555,555,555,555,555,555,555,555,555,555,555,555
11,666,667,668,669,670,671,672,673,674,675,676,677
12,777,778,779,780,781,782,783,784,785,786,787,788
13,888,889,890,891,892,893,894,895,896,897,898,899
14,999,999,999,999,999,999,999,999,999,999,999,999
15,1010,1011,1012,1013,1014,1015,1016,1017,1018,1019,1020,1021
16,1111,1112,1113,1114,1115,1116,1117,1118,1119,1120,1121,1122
17,2222,2223,2224,2225,2226,2227,2228,2229,2230,2231,2232,2233
18,3333,3334,3335,3336,3337,3338,3339,3340,3341,3342,3343,3344
19,4444,4445,4446,4447,4448,4449,4450,4451,4452,4453,4454,4455
