c0-e1-row,P0_TM1,P1_TM1,P2_TM1,P3_TM1,P4_TM1,P5_TM1,P6_TM1,P7_TM1,P8_TM1,P9_TM1,P10_TM1,P11_TM1,P12_TM1
0,1,2,3,4,5,6,7,8,9,10,11,12,13
1,1,2,3,4,5,6,7,8,9,10,11,12,13
2,1,2,3,4,5,6,7,8,9,10,11,12,13
3,1,2,3,4,5,6,7,8,9,10,11,12,13
4,1,2,3,4,5,6,7,8,9,10,11,12,13
5,1,2,3,4,5,6,7,8,9,10,11,12,13
6,1,2,3,4,5,6,7,8,9,10,11,12,13
7,1,2,3,4,5,6,7,8,9,10,11,12,13
8,1,2,3,4,5,6,7,8,9,10,11,12,13
9,1,2,3,4,5,6,7,8,9,10,11,12,13
10,1,2,3,4,5,6,7,8,9,10,11,12,13
11,1,2,3,4,5,6,7,8,9,10,11,12,13
12,1,2,3,4,5,6,7,8,9,10,11,12,13
13,1,2,3,4,5,6,7,8,9,10,11,12,13
14,1,2,3,4,5,6,7,8,9,10,11,12,13
15,1,2,3,4,5,6,7,8,9,10,11,12,13
16,1,2,3,4,5,6,7,8,9,10,11,12,13
17,1,2,3,4,5,6,7,8,9,10,11,12,13
18,1,2,3,4,5,6,7,8,9,10,11,12,13
19,1,2,3,4,5,6,7,8,9,10,11,12,13
20,1,2,3,4,5,6,7,8,9,10,11,12,13
21,1,2,3,4,5,6,7,8,9,10,11,12,13
